userId,movieId
1,72874
1,171023
1,171701
1,172825
1,173255
1,176423
1,177615
1,178827
1,179491
1,184987
2,196
2,456
2,4947
2,8461
2,26176
2,31221
2,31737
2,49278
2,60397
2,78574
3,1029
3,1297
3,2188
3,2262
3,2340
3,2693
3,3087
3,3307
3,3802
3,4502
4,2775
4,8879
4,73321
4,171891
4,172577
4,174055
4,176621
4,188189
4,188797
4,190215
5,292
5,512
5,558
5,783
5,961
5,968
5,1236
5,1349
5,1363
5,1564
6,15
6,1259
6,1395
6,8738
6,59900
6,90430
6,91261
6,168492
6,182727
6,182793
7,2918
7,6721
7,37727
7,48342
7,75395
7,175585
7,175743
7,178613
7,179491
7,184721
8,17
8,1626
8,1825
8,2033
8,2926
8,5346
8,26172
8,31114
8,77561
8,79684
9,1887
9,2965
9,4267
9,55245
9,82459
9,91337
9,106648
9,132888
9,184791
9,186587
10,361
10,456
10,590
10,618
10,1054
10,1889
10,2078
10,4275
10,4686
10,4916
11,185
11,434
11,33725
11,41627
11,47997
11,59103
11,70641
11,76293
11,79224
11,183227
12,349
12,488
12,574
12,778
12,1390
12,2042
12,2300
12,2563
12,2762
12,2972
13,158
13,477
13,639
13,773
13,840
13,1033
13,1123
13,1125
13,1193
13,1305
14,1290
14,1583
14,1921
14,2279
14,2772
14,2843
14,3787
14,4445
14,4766
14,5597
15,20
15,647
15,1718
15,2744
15,5311
15,6753
15,6800
15,6945
15,7084
15,8581
16,2898
16,4599
16,6748
16,26169
16,27879
16,40581
16,49910
16,69746
16,78116
16,81535
17,1805
17,2897
17,4599
17,6748
17,26169
17,27879
17,40578
17,49822
17,54274
17,69654
18,154358
18,156783
18,158238
18,158398
18,160438
18,160563
18,160573
18,163056
18,165671
18,166528
19,92507
19,96616
19,96726
19,99750
19,101577
19,103249
19,107462
19,108540
19,109241
19,109850
20,597
20,1010
20,1801
20,2003
20,2857
20,4051
20,7132
20,7371
20,38095
20,50354
21,158966
21,160422
21,160980
21,161032
21,164200
21,164367
21,164707
21,166705
21,167296
21,170357
22,4646
22,5292
22,5294
22,5475
22,7364
22,33779
22,177939
22,179133
22,183011
22,190219
23,189
23,1381
23,4578
23,7052
23,25940
23,26184
23,26693
23,27705
23,38388
23,77364
24,1848
24,2930
24,4636
24,6786
24,30894
24,41014
24,50354
24,54768
24,69784
24,74754
25,2978
25,4709
25,6884
25,31921
25,52245
25,71535
25,78499
25,84716
25,188751
25,190209
26,728
26,1099
26,1304
26,1973
26,2875
26,3446
26,4111
26,4156
26,5693
26,6938
27,176413
27,176423
27,176751
27,179427
27,180045
27,180297
27,180985
27,181139
27,183611
27,183635
28,2899
28,74580
28,148888
28,149352
28,151777
28,157110
28,161922
28,162606
28,167790
28,170551
29,1840
29,2928
29,4635
29,6790
29,26357
29,31038
29,41712
29,50792
29,55020
29,70492
30,2972
30,4701
30,6879
30,31851
30,51933
30,71484
30,78266
30,84553
30,187031
30,189043
31,1821
31,2924
31,4639
31,6803
31,51024
31,55205
31,71057
31,184721
31,184997
31,190183
32,782
32,1617
32,1629
32,1721
32,2670
32,3742
32,6692
32,6760
32,6763
32,6881
33,174
33,6996
33,9005
33,26504
33,74946
33,175435
33,175577
33,176621
33,178061
33,183227
34,449
34,4636
34,4865
34,7099
34,7939
34,27751
34,78469
34,89343
34,180777
34,182297
35,18
35,129
35,358
35,435
35,876
35,881
35,938
35,1240
35,1399
35,1731
36,112326
36,118834
36,118888
36,126426
36,128914
36,132362
36,137859
36,139511
36,140174
36,140928
37,19
37,144
37,504
37,1371
37,1405
37,2959
37,4168
37,4990
37,5591
37,6350
38,1660
38,4340
38,4343
38,4344
38,4740
38,5108
38,6145
38,7046
38,8341
38,8835
39,2514
39,7064
39,26776
39,47044
39,69746
39,78088
39,80083
39,113453
39,158783
39,179749
40,16
40,111
40,726
40,1130
40,1301
40,1616
40,1627
40,1719
40,1945
40,2669
41,891
41,1694
41,1707
41,1834
41,2730
41,3794
41,4595
41,4720
41,6687
41,6751
42,158966
42,159193
42,160848
42,164226
42,168612
42,169982
42,173535
42,184349
42,184931
42,188301
43,1690
43,2840
43,4531
43,6688
43,27802
43,39234
43,49274
43,53578
43,69394
43,74452
44,923
44,1829
44,3819
44,5943
44,6860
44,7624
44,27320
44,33145
44,71732
44,114601
45,160872
45,161008
45,162600
45,163639
45,166492
45,167018
45,167746
45,168248
45,171695
45,171763
46,1833
46,2931
46,4646
46,6814
46,31420
46,42559
46,51091
46,55259
46,71160
46,77798
47,832
47,2875
47,4334
47,5878
47,31116
47,34437
47,45208
47,52722
47,53550
47,176051
48,1883
48,2959
48,4678
48,6850
48,31522
48,42732
48,51540
48,55282
48,71302
48,78039
49,195
49,455
49,4704
49,4936
49,7209
49,8195
49,26152
49,26401
49,26631
49,31116
50,2560
50,2561
50,6244
50,55768
50,166635
50,169912
50,172583
50,172881
50,173317
50,179073
51,69904
51,163981
51,166461
51,168358
51,169904
51,174055
51,174551
51,175401
51,182749
51,187593
52,1885
52,2967
52,4688
52,6858
52,31435
52,42418
52,50794
52,69640
52,74580
52,77846
53,196
53,454
53,4917
53,7190
53,7762
53,26122
53,26599
53,31000
53,31553
53,34523
54,166
54,208
54,673
54,784
54,1056
54,1083
54,1222
54,1278
54,1279
54,1280
55,110
55,148
55,257
55,454
55,480
55,505
55,703
55,1339
55,1346
55,1591
56,1826
56,2827
56,4642
56,4725
56,4877
56,6464
56,7125
56,25905
56,30822
56,40339
57,157122
57,159193
57,161354
57,162082
57,166558
57,167772
57,177939
57,183011
57,184931
57,189713
58,1694
58,6691
58,27808
58,49278
58,53883
58,69436
58,78469
58,80917
58,178827
58,179427
59,190
59,450
59,4786
59,7057
59,8950
59,26059
59,27618
59,27788
59,32917
59,46948
60,41
60,105
60,378
60,384
60,486
60,634
60,674
60,841
60,1193
60,1219
61,191
61,2581
61,6835
61,7162
61,26700
61,27329
61,31123
61,31223
61,34164
61,42638
62,25947
62,163072
62,163639
62,165075
62,165671
62,165969
62,167634
62,168326
62,169180
62,170355
63,168632
63,169180
63,170907
63,171695
63,174053
63,174909
63,175475
63,175743
63,181315
63,182297
64,152105
64,156609
64,159510
64,159976
64,160563
64,164226
64,165347
64,175387
64,179819
64,182639
65,196
65,457
65,4936
65,6882
65,26150
65,31101
65,31664
65,48982
65,60074
65,71466
66,70336
66,164655
66,164917
66,166203
66,166705
66,170411
66,170875
66,171631
66,171891
66,175293
67,454
67,4688
67,4917
67,8378
67,26038
67,30820
67,38038
67,48698
67,51314
67,61729
68,113862
68,114074
68,115170
68,117887
68,118862
68,118924
68,121253
68,126142
68,126548
68,127116
69,195
69,452
69,1437
69,4878
69,6809
69,8337
69,25905
69,26453
69,27879
69,31116
70,2935
70,4638
70,6797
70,31150
70,42002
70,50872
70,70708
70,76751
70,79274
70,82667
71,446
71,4247
71,4662
71,4890
71,25963
71,26116
71,30810
71,34271
71,48638
71,51037
72,189
72,444
72,4883
72,7153
72,8360
72,25937
72,27266
72,27899
72,31150
72,34143
73,76743
73,172577
73,172591
73,174045
73,175199
73,179491
73,180045
73,181139
73,182727
73,193565
74,6692
74,25870
74,37495
74,67255
74,74545
74,173751
74,174551
74,176935
74,180987
74,182731
75,581
75,611
75,1037
75,2043
75,4229
75,8057
75,25870
75,44972
75,50147
75,54995
76,190
76,1825
76,5333
76,8019
76,26875
76,27838
76,33310
76,49530
76,178613
76,182749
77,555
77,3045
77,3738
77,5841
77,5965
77,6327
77,8919
77,26444
77,26901
77,31685
78,803
78,1091
78,1093
78,1324
78,1335
78,1479
78,1533
78,2862
78,3568
78,3649
79,194
79,451
79,1416
79,2555
79,4847
79,6783
79,7115
79,7572
79,25782
79,26344
80,2956
80,4661
80,6785
80,26242
80,30818
80,40815
80,49735
80,69227
80,73881
80,76301
81,2275
81,2493
81,2618
81,2623
81,2660
81,3302
81,4153
81,4776
81,4893
81,5435
82,171695
82,172705
82,173751
82,173941
82,176419
82,176601
82,177185
82,180263
82,180777
82,185029
83,194
83,1041
83,4624
83,7455
83,26159
83,58191
83,74450
83,78039
83,78266
83,79428
84,71468
84,167570
84,167772
84,169904
84,171701
84,172229
84,176329
84,176415
84,177285
84,183301
85,256
85,4248
85,5353
85,25996
85,34292
85,44864
85,82852
85,91542
85,106927
85,118290
86,1870
86,2944
86,4649
86,6798
86,31123
86,41863
86,50806
86,55080
86,70599
86,76143
87,540
87,618
87,663
87,1055
87,1891
87,2080
87,2401
87,2598
87,4280
87,4921
88,193
88,453
88,2590
88,4912
88,6832
88,7160
88,8363
88,25937
88,26686
88,27266
89,152173
89,157270
89,160422
89,160644
89,161024
89,165947
89,166946
89,179427
89,185473
89,193579
90,179
90,4632
90,7131
90,7619
90,42007
90,77233
90,79501
90,184349
90,184931
90,189111
91,148881
91,150596
91,152173
91,158783
91,159779
91,159976
91,161634
91,165483
91,165635
91,165645
92,361
92,592
92,626
92,668
92,1055
92,1892
92,2080
92,4276
92,6869
92,8241
93,179817
93,180031
93,180231
93,182823
93,183959
93,184257
93,184721
93,184987
93,189043
93,189111
94,944
94,945
94,1405
94,2027
94,3078
94,5530
94,5752
94,27820
94,59387
94,65188
95,1809
95,4541
95,6603
95,8977
95,27478
95,47997
95,52319
95,67695
95,72714
95,74688
96,2899
96,4599
96,6763
96,26237
96,30816
96,40870
96,50354
96,70293
96,75813
96,78746
97,457
97,543
97,668
97,2605
97,4265
97,4671
97,4899
97,6299
97,7161
97,26095
98,1876
98,2965
98,4679
98,6851
98,31445
98,42728
98,51314
98,55259
98,70932
98,76743
99,318
99,393
99,1809
99,4634
99,4865
99,7132
99,7620
99,8015
99,8125
99,8290
100,183
100,429
100,512
100,2301
100,4740
100,6624
100,7318
100,7924
100,8844
100,8949
101,1891
101,2932
101,4623
101,6787
101,31083
101,41724
101,50802
101,55069
101,70697
101,76743
102,499
102,522
102,781
102,944
102,945
102,946
102,949
102,950
102,1223
102,1405
103,162350
103,163981
103,165139
103,165483
103,167634
103,167746
103,168090
103,170697
103,170827
103,172875
104,1753
104,2837
104,50354
104,72737
104,168846
104,171631
104,173253
104,173963
104,182293
104,182715
105,140525
105,140852
105,142422
105,145935
105,152063
105,152372
105,159755
105,161580
105,169992
105,170897
106,2983
106,4714
106,6884
106,31903
106,51933
106,71484
106,78209
106,84414
106,187541
106,189111
107,422
107,2377
107,2568
107,2943
107,4248
107,4663
107,4893
107,7163
107,8125
107,8370
108,662
108,897
108,948
108,1733
108,1754
108,1870
108,1881
108,2765
108,3837
108,6750
109,109864
109,116044
109,116207
109,120799
109,124484
109,128908
109,135137
109,135937
109,136471
109,136864
110,451
110,4886
110,25905
110,27873
110,31101
110,48319
110,90403
110,184257
110,185033
110,193609
111,143525
111,144522
111,147300
111,150596
111,158528
111,159069
111,164200
111,173535
111,177763
111,179953
112,42004
112,76751
112,79259
112,183199
112,183227
112,183295
112,183635
112,184053
112,187593
112,188675
113,590
113,1009
113,1373
113,1754
113,1991
113,2847
113,4074
113,7312
113,7753
113,27539
114,457
114,543
114,626
114,668
114,1059
114,1897
114,2087
114,4296
114,4709
114,4941
115,2876
115,6691
115,26002
115,27808
115,39307
115,49278
115,74508
115,77795
115,80917
115,178827
116,7925
116,7984
116,25923
116,27741
116,34528
116,49824
116,66783
116,81512
116,89305
116,150554
117,786
117,1273
117,1911
117,1957
117,2943
117,5361
117,26940
117,56367
117,86668
117,174909
118,19
118,141
118,515
118,1378
118,1413
118,2594
118,2866
118,2956
118,3476
118,4989
119,77201
119,172253
119,172547
119,174551
119,179073
119,179749
119,180297
119,181719
119,190183
119,190219
120,1414
120,1631
120,2249
120,2402
120,4901
120,5548
120,78836
120,107846
120,142074
120,145935
121,1370
121,1589
121,2182
121,2364
121,4846
121,5489
121,77795
121,106594
121,140711
121,143245
122,9010
122,73023
122,167790
122,168174
122,169180
122,170401
122,170697
122,171759
122,172577
122,172909
123,2973
123,4701
123,6872
123,31702
123,43558
123,51884
123,71341
123,78088
123,80162
123,83976
124,2943
124,4649
124,6810
124,26444
124,51077
124,71106
124,79590
124,184931
124,185033
124,190219
125,74282
125,163985
125,166526
125,168608
125,169992
125,174909
125,175303
125,175705
125,183911
125,190207
126,253
126,2266
126,3859
126,6584
126,27426
126,46367
126,53125
126,63222
126,80834
126,92192
127,461
127,597
127,882
127,1215
127,1251
127,1371
127,1757
127,1855
127,2042
127,3639
128,195
128,456
128,1415
128,2570
128,4896
128,6836
128,7164
128,7716
128,25999
128,26539
129,1839
129,2912
129,4597
129,6705
129,25959
129,27776
129,37739
129,48598
129,53024
129,68659
130,159
130,450
130,505
130,613
130,719
130,915
130,1242
130,1252
130,1860
130,2252
131,4640
131,6794
131,26365
131,41769
131,50800
131,70599
131,76175
131,79134
131,182793
131,183897
132,1130
132,2725
132,164647
132,164909
132,166183
132,166558
132,170355
132,170777
132,171749
132,174727
133,2614
133,2615
133,6365
133,8057
133,8636
133,27450
133,59440
133,85736
133,149146
133,186587
134,20
134,4149
134,4847
134,26985
134,34332
134,34800
134,39444
134,58839
134,68157
134,71970
135,168266
135,170401
135,171251
135,171631
135,173255
135,173317
135,173751
135,176371
135,180045
135,181413
136,105
136,302
136,339
136,728
136,1015
136,1755
136,1942
136,2571
136,2726
136,2770
137,25825
137,76060
137,176389
137,176579
137,179491
137,180263
137,185585
137,188751
137,190209
137,193579
138,1892
138,31698
138,38886
138,51666
138,62299
138,69140
138,80860
138,84553
138,86548
138,107436
139,107412
139,113350
139,113394
139,117444
139,119655
139,124404
139,132157
139,133365
139,134021
139,134796
140,147002
140,148424
140,149330
140,149352
140,152065
140,152079
140,152105
140,156609
140,156781
140,159193
141,4589
141,27776
141,68347
141,74916
141,79592
141,174737
141,175293
141,176579
141,177939
141,183197
142,573
142,1015
142,1837
142,2046
142,2937
142,4242
142,7706
142,8167
142,31225
142,34153
143,592
143,619
143,1057
143,2083
143,4284
143,8189
143,34148
143,45662
143,55247
143,76030
144,176751
144,177185
144,177615
144,180045
144,180297
144,181065
144,181413
144,183897
144,183911
144,185435
145,529
145,562
145,998
145,1258
145,1887
145,2058
145,45880
145,94777
145,122926
145,189713
146,312
146,588
146,2083
146,2109
146,2121
146,2782
146,5023
146,5932
146,26523
146,26542
147,110
147,150
147,1185
147,1495
147,1994
147,2672
147,3590
147,3798
147,4082
147,4466
148,1902
148,6883
148,31867
148,51927
148,55687
148,71466
148,80969
148,84240
148,184641
148,185473
149,379
149,897
149,942
149,1129
149,1346
149,1875
149,2000
149,2651
149,2844
149,2867
150,42
150,87
150,1046
150,1049
150,1053
150,1624
150,1862
150,2313
150,2544
150,2586
151,442
151,4218
151,4625
151,4855
151,25906
151,27830
151,50514
151,68135
151,81949
151,90945
152,1867
152,2952
152,4677
152,6856
152,26555
152,31590
152,42740
152,51545
152,55290
152,71156
153,109042
153,114678
153,114762
153,118814
153,122246
153,127180
153,133802
153,134368
153,135143
153,136012
154,543
154,670
154,2982
154,4298
154,6342
154,8232
154,26183
154,26303
154,26562
154,27074
155,3451
155,4725
155,5214
155,6316
155,7125
155,8142
155,8337
155,8665
155,27134
155,30822
156,69118
156,161008
156,161127
156,162606
156,163386
156,166558
156,167370
156,167854
156,168266
156,171891
157,169
157,461
157,2395
157,5828
157,6666
157,7716
157,7993
157,36931
157,48883
157,53318
158,195
158,1033
158,1306
158,1895
158,2118
158,2207
158,2278
158,2356
158,2706
158,2968
159,352
159,1860
159,2946
159,31101
159,33781
159,45183
159,55052
159,74789
159,74916
159,79572
160,159093
160,160563
160,161024
160,161127
160,163925
160,163985
160,164280
160,166492
160,166534
160,168632
161,1883
161,2956
161,4671
161,6835
161,42725
161,51314
161,55269
161,71248
161,79946
161,187031
162,184
162,338
162,428
162,1837
162,4658
162,4887
162,7706
162,8117
162,8167
162,8364
163,7
163,26
163,32
163,36
163,53
163,79
163,86
163,145
163,157
163,180
164,3469
164,5237
164,8188
164,27255
164,47997
164,56620
164,86286
164,86882
164,90600
164,115828
165,615
165,2069
165,2390
165,3711
165,6251
165,8042
165,26078
165,26171
165,26614
165,26696
166,9010
166,74228
166,173253
166,173317
166,175387
166,175693
166,180265
166,181659
166,182823
166,183897
167,520
167,616
167,6100
167,8865
167,8959
167,26151
167,27555
167,33148
167,41997
167,47538
168,1816
168,2912
168,4612
168,54617
168,78218
168,180031
168,180297
168,181065
168,183317
168,184791
169,169904
169,170355
169,170401
169,170907
169,170939
169,170957
169,171495
169,171701
169,171759
169,171867
170,356
170,839
170,893
170,1096
170,1875
170,2006
170,2009
170,2661
170,2858
170,3056
171,1754
171,2883
171,4594
171,6753
171,40815
171,50158
171,54736
171,70183
171,78620
171,182293
172,1887
172,2961
172,4678
172,6858
172,43289
172,51694
172,55444
172,71453
172,80478
172,188751
173,38
173,70
173,206
173,324
173,592
173,710
173,941
173,1050
173,1114
173,1128
174,240
174,861
174,1992
174,3705
174,3949
174,4322
174,4440
174,6987
174,52319
174,79572
175,911
175,5901
175,5912
175,6232
175,6679
175,6764
175,8684
175,25959
175,45499
175,60674
176,186
176,430
176,8368
176,34312
176,48598
176,59784
176,77893
176,80124
176,185585
176,188751
177,134170
177,134246
177,135937
177,136018
177,136341
177,137517
177,137863
177,140359
177,140737
177,141799
178,188
178,436
178,521
178,2369
178,2555
178,4864
178,6780
178,7108
178,8228
178,25750
179,406
179,1779
179,4613
179,8225
179,47937
179,70533
179,76093
179,79091
179,82242
179,183197
180,542
180,668
180,6316
180,26159
180,26444
180,26901
180,34338
180,38304
180,51314
180,51562
181,1608
181,4275
181,4278
181,4280
181,4678
181,6031
181,77798
181,94931
181,100882
181,104908
182,128832
182,130083
182,132362
182,132660
182,133419
182,135534
182,143472
182,149144
182,152591
182,157200
183,195
183,454
183,4860
183,7615
183,8266
183,25827
183,27834
183,30894
183,48142
183,79333
184,2985
184,4714
184,6884
184,31909
184,43684
184,51935
184,71468
184,78209
184,80478
184,84246
185,45
185,765
185,1253
185,1882
185,4653
185,59429
185,77561
185,80572
185,185029
185,185473
186,171749
186,172875
186,173963
186,174055
186,176805
186,177285
186,177939
186,181719
186,182639
186,188189
187,8912
187,72308
187,169958
187,170551
187,172233
187,174053
187,175199
187,183011
187,183295
187,184253
188,456
188,619
188,1041
188,1426
188,1860
188,2057
188,2375
188,2930
188,4233
188,4641
189,2976
189,4705
189,6882
189,31903
189,43708
189,51937
189,71520
189,78467
189,80586
189,84637
190,1894
190,2975
190,4700
190,6809
190,26365
190,31083
190,50802
190,55069
190,70687
190,76738
191,486
191,762
191,1348
191,1644
191,1654
191,1754
191,1999
191,2023
191,2695
191,2879
192,2865
192,3476
192,4770
192,4915
192,5264
192,6324
192,6534
192,6879
192,7165
192,8238
193,195
193,452
193,26555
193,26732
193,31309
193,34334
193,42761
193,59900
193,71302
193,78039
194,193
194,453
194,4920
194,7190
194,26122
194,26599
194,31000
194,31553
194,34523
194,48982
195,924
195,6592
195,7225
195,7236
195,27140
195,109673
195,173235
195,173619
195,175743
195,180297
196,512
196,1675
196,2074
196,2606
196,2741
196,2967
196,3727
196,5839
196,5980
196,6329
197,19
197,141
197,511
197,1372
197,1406
197,1867
197,2941
197,3835
197,4662
197,4971
198,1699
198,72921
198,171011
198,171765
198,173235
198,175577
198,176413
198,184997
198,185135
198,188751
199,69805
199,163056
199,163653
199,165843
199,168218
199,168608
199,173873
199,174045
199,175199
199,181719
200,70663
200,165347
200,165549
200,166946
200,167746
200,170907
200,171631
200,171917
200,172547
200,175705
201,1785
201,2846
201,4537
201,6695
201,27816
201,49284
201,53921
201,69469
201,74530
201,78544
202,160718
202,162344
202,163386
202,163645
202,166024
202,166291
202,166534
202,168608
202,169034
202,171765
203,2965
203,6850
203,31437
203,42725
203,51357
203,77798
203,79879
203,83601
203,184931
203,187031
204,2961
204,4676
204,6821
204,26472
204,31364
204,42018
204,50912
204,70533
204,76091
204,79006
205,2978
205,6883
205,26631
205,31903
205,51939
205,78467
205,80590
205,84615
205,188675
205,190207
206,40
206,577
206,993
206,1031
206,1862
206,2051
206,2095
206,27685
206,36477
206,45382
207,1201
207,2435
207,3681
207,4970
207,5696
207,6216
207,8773
207,36519
207,39449
207,51705
208,119
208,384
208,445
208,668
208,912
208,1172
208,1222
208,1931
208,2050
208,2700
209,2971
209,4697
209,6872
209,31702
209,51925
209,71464
209,78160
209,84273
209,186587
209,188833
210,2966
210,4681
210,6835
210,31367
210,50923
210,70533
210,176329
210,176805
210,180777
210,184987
211,1867
211,2944
211,4644
211,6808
211,26413
211,31223
211,50804
211,70451
211,78703
211,79536
212,1845
212,2927
212,4628
212,6770
212,26184
212,27899
212,40578
212,49647
212,53894
212,68954
213,1881
213,2951
213,4658
213,6807
213,31184
213,42007
213,50804
213,54999
213,70305
213,78626
214,113394
214,121097
214,121169
214,128488
214,130970
214,134130
214,140237
214,140928
214,141818
214,142444
215,193
215,450
215,535
215,1409
215,2359
215,4831
215,6754
215,8979
215,25905
215,26176
216,1016
216,1373
216,7293
216,175199
216,175401
216,176621
216,178111
216,183295
216,184245
216,185031
217,95149
217,99415
217,99574
217,102735
217,103810
217,106062
217,110826
217,111781
217,112326
217,112897
218,100
218,353
218,889
218,956
218,959
218,1840
218,2302
218,2976
218,3357
218,4765
219,151777
219,154065
219,156605
219,156609
219,158966
219,159069
219,159403
219,161008
219,163985
219,164881
220,172585
220,172637
220,173963
220,174815
220,179211
220,179819
220,180985
220,182297
220,190207
220,190221
221,8609
221,70703
221,165671
221,168090
221,170705
221,170993
221,176101
221,176413
221,177615
221,187031
222,44889
222,73804
222,80584
222,170827
222,172585
222,174909
222,175569
222,183911
222,184245
222,185033
223,1858
223,2932
223,30898
223,50601
223,54910
223,79592
223,82093
223,182749
223,183199
223,185435
224,452
224,2377
224,2932
224,4224
224,4632
224,4864
224,8014
224,25841
224,25946
224,26150
225,194
225,450
225,2537
225,4828
225,6768
225,7093
225,26510
225,27778
225,27878
225,27912
226,153408
226,157110
226,157270
226,158882
226,162578
226,163985
226,164375
226,166643
226,170705
226,170897
227,26524
227,79091
227,180031
227,180297
227,181065
227,183295
227,184471
227,184931
227,189381
227,193583
228,194
228,6860
228,26750
228,31422
228,34405
228,43376
228,48872
228,71462
228,78174
228,188797
229,407
229,1791
229,4617
229,26078
229,47978
229,76251
229,183317
229,183911
229,187541
229,189333
230,62250
230,85131
230,94266
230,100810
230,104218
230,105213
230,105504
230,106540
230,176621
230,180231
231,516
231,2600
231,2965
231,4175
231,5984
231,6358
231,8253
231,8774
231,27434
231,48385
232,134184
232,136020
232,136305
232,137863
232,138204
232,138610
232,140525
232,140711
232,142444
232,142997
233,1417
233,2928
233,175693
233,176051
233,178827
233,179709
233,184791
233,185585
233,188797
233,190209
234,6538
234,7208
234,8981
234,26985
234,40826
234,100390
234,172793
234,172909
234,174479
234,180095
235,893
235,1791
235,1797
235,3794
235,4617
235,7093
235,8610
235,26871
235,49957
235,55553
236,196
236,458
236,2585
236,4900
236,6851
236,7169
236,7728
236,26729
236,30822
236,31297
237,21
237,194
237,513
237,670
237,1256
237,1752
237,1883
237,2037
237,2774
237,2956
238,19
238,144
238,905
238,1254
238,1415
238,1753
238,1770
238,1891
238,2037
238,2779
239,71745
239,168326
239,168418
239,170411
239,170897
239,173291
239,173941
239,174815
239,175431
239,180095
240,176935
240,177593
240,178061
240,179053
240,179133
240,179819
240,180031
240,180265
240,180985
240,181139
241,1887
241,2965
241,4679
241,6850
241,31424
241,42559
241,51082
241,55207
241,70994
241,77266
242,1304
242,1597
242,1937
242,2295
242,2793
242,2862
242,3802
242,4463
242,4784
242,5615
243,180
243,430
243,4889
243,6827
243,25962
243,30803
243,31297
243,48598
243,71264
243,90647
244,2524
244,4802
244,8131
244,8969
244,26797
244,69784
244,69904
244,113780
244,158956
244,180045
245,2125
245,2852
245,3771
245,4965
245,5772
245,5900
245,5942
245,63239
245,65037
245,65126
246,25946
246,74545
246,172583
246,172705
246,172887
246,173941
246,175197
246,175387
246,176579
246,178613
247,2906
247,6750
247,27879
247,40478
247,49530
247,77364
247,80748
247,175693
247,176051
247,178615
248,540
248,665
248,2404
248,4290
248,6332
248,26184
248,26492
248,26958
248,38992
248,46850
249,122924
249,126548
249,127194
249,127204
249,129313
249,129659
249,131714
249,131826
249,134095
249,134393
250,618
250,1054
250,1883
250,2073
250,2965
250,4267
250,7745
250,8225
250,31431
250,34332
251,2966
251,4689
251,6869
251,31700
251,43556
251,51903
251,71494
251,80572
251,84601
251,189043
252,1894
252,2977
252,4709
252,6885
252,31923
252,52245
252,55844
252,71640
252,81537
252,84799
253,1441
253,6836
253,7713
253,26523
253,31260
253,45928
253,79684
253,104879
253,184721
253,185031
254,26151
254,77177
254,177615
254,178111
254,180263
254,181659
254,185435
254,188797
254,190209
254,193581
255,2448
255,2784
255,2786
255,2788
255,3316
255,3716
255,3717
255,3719
255,4289
255,4516
256,76743
256,173941
256,174403
256,174737
256,175743
256,176805
256,177593
256,179815
256,181315
256,183011
257,1885
257,2967
257,4689
257,6868
257,26599
257,51903
257,55620
257,71494
257,189381
257,191005
258,2978
258,4709
258,6884
258,26649
258,43869
258,51939
258,71520
258,80586
258,188797
258,190213
259,904
259,1465
259,1885
259,4686
259,5573
259,5876
259,5881
259,5949
259,5979
259,6202
260,1812
260,2893
260,4565
260,6656
260,37211
260,48342
260,52767
260,68347
260,75395
260,175435
261,191
261,451
261,4896
261,8363
261,25946
261,27905
261,31184
261,48416
261,59501
261,77561
262,2231
262,2453
262,2574
262,2579
262,2613
262,3261
262,4109
262,4723
262,4846
262,5382
263,172577
263,172589
263,173619
263,174681
263,179073
263,179749
263,180263
263,181315
263,189381
263,190209
264,1841
264,4642
264,31162
264,55112
264,70932
264,80241
264,82767
264,184257
264,184791
264,189547
265,6036
265,6609
265,32009
265,48319
265,56274
265,71732
265,96084
265,174737
265,175435
265,178613
266,6567
266,8959
266,27246
266,44773
266,74510
266,86332
266,110771
266,151763
266,173873
266,174053
267,191
267,453
267,2570
267,4860
267,6791
267,7124
267,7615
267,8266
267,25827
267,26599
268,179
268,515
268,2008
268,2249
268,2918
268,3155
268,3529
268,7131
268,7175
268,33681
269,40
269,574
269,988
269,1027
269,1857
269,2044
269,2091
269,27664
269,36289
269,45208
270,524
270,556
270,562
270,971
270,979
270,1242
270,2037
270,5890
270,94018
270,122884
271,180
271,791
271,1972
271,2287
271,2454
271,2582
271,2824
271,3787
271,4074
271,4082
272,196
272,7208
272,8191
272,26399
272,26630
272,27563
272,31685
272,34540
272,39307
272,49132
273,1806
273,2916
273,4630
273,6794
273,31150
273,50912
273,55116
273,70946
273,77206
273,80363
274,110130
274,110730
274,111551
274,111622
274,112512
274,112556
274,112788
274,113849
274,115569
274,116044
275,68945
275,160848
275,161008
275,162590
275,163134
275,166558
275,167370
275,168090
275,168326
275,171811
276,1834
276,6816
276,31422
276,42602
276,51167
276,55261
276,71205
276,80727
276,83613
276,185031
277,152
277,471
277,633
277,1093
277,1095
277,1330
277,1342
277,1485
277,1545
277,2880
278,19
278,141
278,195
278,515
278,671
278,905
278,1258
278,1389
278,1425
278,1762
279,6775
279,40851
279,69524
279,74508
279,77561
279,174053
279,174551
279,176329
279,176935
279,182727
280,74508
280,172909
280,173235
280,174815
280,175485
280,179953
280,180985
280,182715
280,183295
280,193583
281,638
281,1735
281,1859
281,2918
281,6548
281,40583
281,51037
281,53435
281,57669
281,58156
282,170945
282,171023
282,172577
282,172887
282,176329
282,176751
282,178111
282,179135
282,184931
282,185033
283,5309
283,8530
283,45221
283,66785
283,68650
283,72167
283,81417
283,86504
283,88515
283,90630
284,1735
284,7979
284,34520
284,49793
284,54503
284,66744
284,81456
284,81788
284,150548
284,181659
285,19
285,21
285,141
285,903
285,1247
285,1406
285,1733
285,1754
285,1881
285,2027
286,437
286,556
286,590
286,1406
286,2026
286,2356
286,25771
286,26073
286,46965
286,77881
287,38
287,66
287,188
287,204
287,324
287,595
287,711
287,938
287,1016
287,1046
288,122902
288,126090
288,126482
288,128087
288,131578
288,132618
288,133195
288,134524
288,136602
288,136786
289,581
289,647
289,698
289,1023
289,1544
289,1675
289,1856
289,1887
289,2073
289,2107
290,72129
290,169180
290,169958
290,170939
290,171751
290,174479
290,175293
290,175585
290,176371
290,181719
291,2985
291,4717
291,6888
291,31952
291,52279
291,71535
291,78469
291,84696
291,188751
291,189333
292,8711
292,158956
292,159069
292,160440
292,160836
292,164280
292,164917
292,165551
292,165969
292,169992
293,113416
293,121099
293,121171
293,128512
293,130976
293,134158
293,140247
293,140956
293,141820
293,142448
294,60
294,79
294,88
294,95
294,105
294,108
294,140
294,154
294,178
294,194
295,1431
295,4666
295,26523
295,77841
295,79895
295,81788
295,185031
295,186587
295,187717
295,191005
296,453
296,2403
296,2971
296,4284
296,4699
296,4927
296,8183
296,8424
296,26133
296,26195
297,1371
297,1572
297,2167
297,2351
297,4822
297,5468
297,77191
297,105954
297,140174
297,142456
298,1920
298,4012
298,6595
298,130518
298,131826
298,132800
298,133195
298,134783
298,134847
298,134881
299,679
299,1196
299,1249
299,1256
299,1514
299,1711
299,2002
299,2152
299,2690
299,2878
300,196
300,456
300,1456
300,2600
300,4927
300,6870
300,7192
300,8405
300,26122
300,26599
301,551
301,585
301,1017
301,1812
301,2024
301,2900
301,4189
301,7445
301,7943
301,27816
302,16
302,121
302,496
302,1355
302,1390
302,2579
302,2851
302,2943
302,4975
302,5574
303,6281
303,6810
303,7264
303,26712
303,33880
303,51084
303,55207
303,59129
303,74683
303,78574
304,172909
304,173941
304,174053
304,176415
304,176579
304,176935
304,180031
304,180263
304,184721
304,190183
305,142509
305,144714
305,148632
305,156387
305,157130
305,161131
305,163981
305,171023
305,172233
305,174045
306,363
306,587
306,708
306,1564
306,3031
306,8266
306,46367
306,47952
306,48678
306,61986
307,128852
307,130073
307,130452
307,134524
307,135456
307,135567
307,136666
307,140174
307,140289
307,140359
308,1974
308,2055
308,3301
308,4262
308,4429
308,5553
308,6358
308,7748
308,8771
308,26629
309,1827
309,2902
309,4600
309,6746
309,26124
309,39715
309,49530
309,54001
309,69604
309,78034
310,2935
310,4235
310,7984
310,25782
310,25870
310,33679
310,50354
310,67799
310,81834
310,82088
311,1769
311,4428
311,4432
311,4433
311,4826
311,6245
311,80572
311,96691
311,103372
311,108190
312,6483
312,65359
312,71484
312,73106
312,171749
312,172215
312,173941
312,176423
312,177765
312,188675
313,178
313,8500
313,27329
313,52299
313,68793
313,70533
313,164707
313,165343
313,167380
313,170813
314,2494
314,2495
314,6214
314,48262
314,56941
314,104863
314,111680
314,177185
314,177615
314,184791
315,80
315,387
315,914
315,1040
315,1170
315,1178
315,1387
315,1391
315,1836
315,1921
316,31
316,100
316,900
316,928
316,1197
316,1217
316,1270
316,1353
316,2178
316,2321
317,186
317,4603
317,7414
317,57536
317,73488
317,173205
317,173535
317,175743
317,179709
317,180265
318,133867
318,135143
318,136838
318,141820
318,142196
318,147330
318,149352
318,159161
318,160341
318,161922
319,1888
319,2969
319,4697
319,6873
319,31702
319,51927
319,55721
319,71484
319,78266
319,81191
320,2984
320,4708
320,6882
320,31878
320,43684
320,51937
320,71518
320,78316
320,80584
320,84615
321,6273
321,6807
321,8119
321,8844
321,26283
321,27006
321,47518
321,51077
321,56060
321,59258
322,179135
322,179427
322,182293
322,183011
322,183301
322,183911
322,184053
322,187593
322,187595
322,190219
323,1771
323,7988
323,105250
323,179953
323,182715
323,184015
323,184253
323,190221
323,193567
323,193583
324,283
324,542
324,991
324,1372
324,2301
324,2561
324,2611
324,2686
324,3365
324,3710
325,4471
325,8718
325,8951
325,26242
325,114847
325,158882
325,168456
325,169904
325,171695
325,174045
326,6791
326,40815
326,69406
326,74370
326,77455
326,175435
326,175781
326,179491
326,183301
326,184471
327,193
327,452
327,4883
327,7153
327,8360
327,25927
327,26195
327,27266
327,27904
327,31162
328,3927
328,4039
328,5378
328,5434
328,8147
328,27708
328,27904
328,48262
328,52724
328,96616
329,1914
329,3035
329,3135
329,4252
329,4445
329,4615
329,4722
329,4888
329,5477
329,5657
330,170697
330,170817
330,170907
330,171631
330,171759
330,172013
330,172229
330,172233
330,172585
330,172591
331,193
331,452
331,4885
331,7108
331,7493
331,8191
331,8982
331,26184
331,26861
331,27722
332,169180
332,169982
332,170993
332,171763
332,174551
332,175387
332,175693
332,176413
332,182715
332,182823
333,162
333,945
333,2065
333,3360
333,3756
333,4000
333,4006
333,4497
333,5772
333,7457
334,75341
334,175569
334,175693
334,178111
334,179401
334,183227
334,184349
334,185033
334,188301
334,189713
335,193
335,449
335,508
335,653
335,886
335,1245
335,1734
335,1875
335,2032
335,2589
336,2932
336,4642
336,6804
336,26413
336,31223
336,42002
336,50872
336,70932
336,77201
336,79357
337,2887
337,4600
337,6764
337,26242
337,50356
337,70301
337,182297
337,182715
337,184015
337,184987
338,21
338,362
338,616
338,1312
338,1393
338,1409
338,1610
338,1791
338,1816
338,2014
339,71910
339,162606
339,163072
339,164917
339,165635
339,168492
339,169912
339,170411
339,170875
339,173925
340,2950
340,6853
340,31617
340,42943
340,51662
340,78116
340,80454
340,84273
340,188301
340,189713
341,2971
341,4689
341,6857
341,31658
341,42946
341,51575
341,71302
341,78034
341,80126
341,83976
342,112171
342,118696
342,118706
342,125970
342,128838
342,132046
342,137218
342,138966
342,139994
342,140715
343,2959
343,4675
343,6827
343,26471
343,42285
343,50999
343,70708
343,79293
343,183635
343,184641
344,538
344,586
344,615
344,661
344,1051
344,2075
344,4242
344,6281
344,8128
344,25952
345,2575
345,4877
345,6797
345,25827
345,26599
345,30822
345,33815
345,41724
345,70687
345,70862
346,4558
346,9005
346,74750
346,174727
346,175293
346,175431
346,176423
346,177939
346,178323
346,180263
347,563
347,1008
347,1827
347,2037
347,4235
347,8142
347,45648
347,55247
347,76738
347,77191
348,6804
348,42011
348,70990
348,77266
348,79501
348,184015
348,184471
348,184987
348,189111
348,193567
349,18
349,637
349,1382
349,1490
349,1644
349,1839
349,2044
349,2843
349,2986
349,4660
350,2259
350,2473
350,2598
350,2605
350,2639
350,3281
350,4132
350,4750
350,4874
350,5416
351,1881
351,2953
351,4660
351,6789
351,26322
351,30890
351,41285
351,50356
351,54734
351,69654
352,37495
352,71810
352,73386
352,167538
352,168144
352,170705
352,172587
352,173209
352,180095
352,180297
353,180263
353,180265
353,181315
353,183897
353,184245
353,184641
353,184721
353,184931
353,188301
353,188797
354,8917
354,73017
354,171631
354,171891
354,173355
354,176101
354,176935
354,187031
354,187717
354,190183
355,195
355,454
355,513
355,668
355,899
355,1250
355,1748
355,1883
355,2037
355,2598
356,8870
356,71518
356,167746
356,168252
356,170837
356,172591
356,173253
356,179815
356,180031
356,181315
357,161918
357,164881
357,165075
357,167380
357,167634
357,167790
357,170401
357,170705
357,172589
357,173205
358,670
358,4291
358,31702
358,46530
358,46772
358,77266
358,77455
358,82765
358,91470
358,106839
359,2917
359,4215
359,30818
359,33672
359,45028
359,74795
359,74948
359,81564
359,90600
359,105504
360,163
360,627
360,928
360,1244
360,1251
360,1405
360,1416
360,1457
360,1603
360,1703
361,446
361,4629
361,4860
361,7940
361,8998
361,27772
361,47404
361,80126
361,85056
361,89039
362,26231
362,78142
362,179119
362,179427
362,179813
362,181659
362,183197
362,183301
362,185435
362,189333
363,155
363,162
363,471
363,759
363,1258
363,1610
363,1684
363,1759
363,1882
363,2262
364,17
364,132
364,510
364,536
364,1371
364,1405
364,1981
364,2025
364,2406
364,2594
365,106062
365,111921
365,112138
365,115216
365,117545
365,120813
365,128975
365,130083
365,130976
365,131920
366,2978
366,4708
366,6880
366,31702
366,51834
366,71462
366,78174
366,84392
366,187595
366,189381
367,8952
367,74370
367,173355
367,173925
367,175569
367,176389
367,181413
367,182749
367,183635
367,184471
368,98604
368,103609
368,103685
368,106918
368,109241
368,111622
368,116505
368,117176
368,117867
368,118784
369,190
369,4565
369,7055
369,25996
369,26242
369,27721
369,38583
369,57502
369,73876
369,79134
370,2915
370,4617
370,6764
370,40581
370,49824
370,69784
370,78209
370,180045
370,181139
370,184987
371,1885
371,2965
371,4676
371,6850
371,26528
371,31435
371,42725
371,51412
371,55274
371,71252
372,74685
372,79684
372,171011
372,172229
372,172585
372,175401
372,175661
372,176389
372,176579
372,182639
373,179749
373,179815
373,182293
373,182823
373,183295
373,183635
373,183959
373,187031
373,187541
373,190207
374,350
374,1288
374,1363
374,1667
374,3230
374,4359
374,4610
374,4670
374,4703
374,6433
375,195
375,454
375,4898
375,7165
375,26002
375,30818
375,31410
375,34326
375,48678
375,80162
376,25959
376,77177
376,176419
376,176805
376,177593
376,179491
376,180297
376,180987
376,183635
376,184997
377,26003
377,77206
377,176579
377,177185
377,177765
377,179709
377,180777
377,181139
377,183911
377,185033
378,1889
378,2972
378,4695
378,6869
378,31685
378,51575
378,55294
378,71264
378,80748
378,83796
379,252
379,3999
379,6344
379,7067
379,7318
379,8587
379,27251
379,31909
379,62434
379,185585
380,114678
380,115617
380,116505
380,116718
380,117887
380,118082
380,118290
380,119828
380,120138
380,122896
381,157130
381,158842
381,159717
381,159811
381,161634
381,161922
381,162414
381,165101
381,165347
381,167790
382,167854
382,168218
382,170297
382,170817
382,173255
382,173925
382,174727
382,175401
382,180031
382,180265
383,354
383,1468
383,2310
383,2964
383,6883
383,7706
383,27473
383,47200
383,55276
383,115111
384,1892
384,2009
384,2093
384,3316
384,4419
384,5548
384,6368
384,7773
384,26695
384,27075
385,2059
385,4018
385,6021
385,6027
385,7040
385,8620
385,26151
385,78142
385,114066
385,159976
386,177
386,354
386,2327
386,2804
386,2828
386,2950
386,2988
386,3713
386,4224
386,4953
387,6920
387,125916
387,126482
387,128197
387,130490
387,134393
387,134881
387,138546
387,140301
387,146684
388,2977
388,26184
388,31702
388,46530
388,51471
388,62299
388,77800
388,77893
388,84414
388,86355
389,180
389,440
389,526
389,634
389,2377
389,2943
389,4248
389,4663
389,4893
389,6301
390,1882
390,6803
390,41566
390,50610
390,54934
390,70206
390,78626
390,181315
390,182749
390,188189
391,69860
391,161634
391,161966
391,163809
391,164375
391,167706
391,168218
391,168366
391,169034
391,172583
392,188
392,199
392,393
392,602
392,1242
392,1269
392,1566
392,2034
392,2131
392,2163
393,1875
393,4661
393,30890
393,54617
393,69685
393,78746
393,81229
393,177593
393,178827
393,182731
394,2630
394,2632
394,6380
394,8132
394,8670
394,27563
394,59814
394,86068
394,149830
394,189043
395,29
395,95
395,1151
395,1295
395,2267
395,2381
395,3421
395,4961
395,6203
395,6814
396,2066
396,2099
396,2112
396,2265
396,2769
396,2961
396,3088
396,3725
396,3986
396,4846
397,195
397,456
397,4926
397,26095
397,26590
397,30898
397,31522
397,48877
397,80551
397,91077
398,542
398,626
398,668
398,1053
398,1887
398,2076
398,4267
398,6313
398,8195
398,26122
399,453
399,537
399,653
399,2587
399,4263
399,4677
399,4903
399,6305
399,7164
399,25996
400,2953
400,4676
400,6852
400,31590
400,42740
400,51498
400,71254
400,77866
400,79946
400,83803
401,1887
401,2970
401,4688
401,6853
401,31445
401,42638
401,51088
401,55247
401,70994
401,79333
402,553
402,2558
402,3692
402,5779
402,6288
402,6817
402,26819
402,50851
402,51174
402,52375
403,19
403,21
403,140
403,580
403,906
403,1255
403,1417
403,1755
403,1772
403,1892
404,307
404,1348
404,1821
404,2577
404,2579
404,6322
404,58998
404,104129
404,148956
404,177593
405,4612
405,6765
405,26159
405,40148
405,49530
405,69278
405,74282
405,77414
405,177765
405,179119
406,781
406,1629
406,2659
406,4109
406,4502
406,6705
406,27246
406,52784
406,93982
406,99106
407,196
407,6880
407,31664
407,49220
407,60161
407,78316
407,82378
407,87298
407,91104
407,116887
408,1867
408,2949
408,4653
408,6803
408,31114
408,50601
408,54787
408,69805
408,74750
408,78103
409,536
409,1816
409,8914
409,53355
409,69122
409,141718
409,176935
409,178323
409,182299
409,187541
410,593
410,1014
410,1372
410,1771
410,2003
410,2857
410,4053
410,7282
410,7704
410,27373
411,1688
411,2990
411,58303
411,67888
411,87529
411,99532
411,176805
411,178111
411,178129
411,179491
412,190
412,451
412,4789
412,8093
412,8957
412,26095
412,27664
412,27803
412,46974
412,58295
413,454
413,2585
413,4888
413,7154
413,8360
413,25923
413,27899
413,31150
413,48412
413,71108
414,69469
414,71033
414,71268
414,71668
414,72591
414,72603
414,78574
414,79357
414,79553
414,86237
415,26198
415,78264
415,180031
415,180297
415,181065
415,183317
415,184641
415,184987
415,189547
415,193585
416,487
416,833
416,1018
416,1224
416,1833
416,1881
416,2142
416,2162
416,2296
416,2734
417,195
417,453
417,539
417,2392
417,2585
417,4898
417,6820
417,7156
417,25937
417,26198
418,6798
418,7618
418,26603
418,30894
418,79132
418,180045
418,180497
418,181139
418,183611
418,184791
419,188
419,438
419,4818
419,7064
419,8949
419,27595
419,27773
419,32770
419,46347
419,57502
420,26048
420,76060
420,176389
420,176579
420,179427
420,180231
420,185585
420,188751
420,190213
420,193581
421,21
421,28
421,581
421,671
421,904
421,954
421,1739
421,1759
421,1884
421,2344
422,2941
422,26524
422,27773
422,52952
422,73822
422,134775
422,180297
422,181065
422,184015
422,185029
423,19
423,140
423,193
423,509
423,661
423,899
423,1251
423,1377
423,1412
423,1747
424,4594
424,26131
424,39446
424,74275
424,77266
424,78142
424,176329
424,176805
424,180265
424,184721
425,6383
425,32582
425,62439
425,71268
425,167064
425,169034
425,171701
425,172233
425,176805
425,177593
426,529
426,599
426,637
426,1035
426,1867
426,2067
426,4243
426,6281
426,8117
426,25773
427,611
427,1387
427,1399
427,1601
427,1721
427,1769
427,1799
427,2005
427,2436
427,2655
428,805
428,858
428,1097
428,1200
428,2057
428,4159
428,6760
428,8199
428,70932
428,71254
429,316
429,390
429,542
429,988
429,1801
429,2021
429,2353
429,2538
429,2908
429,4219
430,195
430,8011
430,26386
430,30898
430,59258
430,77177
430,90343
430,183897
430,184721
430,193571
431,514
431,562
431,714
431,806
431,1336
431,1652
431,1665
431,1748
431,2537
431,2574
432,169982
432,170993
432,172233
432,172461
432,174551
432,174737
432,175293
432,177765
432,178129
432,182731
433,453
433,953
433,1894
433,3865
433,4929
433,7205
433,31086
433,31660
433,143255
433,189111
434,170993
434,173255
434,173317
434,175707
434,176051
434,176413
434,179819
434,180231
434,184641
434,186587
435,1885
435,2964
435,4678
435,6856
435,31610
435,51498
435,55280
435,71252
435,77846
435,79895
436,179211
436,179491
436,179749
436,182297
436,183199
436,183611
436,183959
436,184245
436,187595
436,187717
437,848
437,6715
437,7352
437,7361
437,8918
437,27722
437,112006
437,177615
437,178613
437,180987
438,144734
438,147382
438,151311
438,151557
438,151777
438,157312
438,168326
438,173197
438,176389
438,180265
439,540
439,663
439,6330
439,26184
439,26492
439,26958
439,31702
439,34520
439,39183
439,46574
440,538
440,2392
440,2586
440,4903
440,6852
440,8375
440,26003
440,26726
440,27408
440,31260
441,2964
441,4678
441,6853
441,31522
441,42732
441,51498
441,71248
441,77841
441,79897
441,83796
442,113453
442,121129
442,121231
442,128520
442,130978
442,134170
442,140265
442,141004
442,141830
442,142456
443,452
443,538
443,656
443,2597
443,4280
443,4695
443,4925
443,6324
443,7190
443,26116
444,1011
444,1833
444,2931
444,4646
444,7701
444,55259
444,80693
444,185029
444,185473
444,187593
445,2943
445,4654
445,6800
445,31114
445,41716
445,50794
445,70521
445,76060
445,79006
445,82152
446,96
446,220
446,288
446,423
446,555
446,617
446,668
446,748
446,766
446,785
447,386
447,520
447,2001
447,6232
447,8188
447,26116
447,26629
447,47644
447,70293
447,157432
448,94677
448,95182
448,95218
448,95796
448,97470
448,98122
448,98230
448,99846
448,101765
448,101973
449,2037
449,5321
449,7346
449,8738
449,26958
449,34323
449,73268
449,89774
449,118326
449,130686
450,1873
450,2951
450,4636
450,6800
450,42013
450,50999
450,55190
450,71033
450,79572
450,184257
451,40
451,568
451,731
451,981
451,1021
451,1844
451,2038
451,2085
451,2943
451,6883
452,1730
452,2798
452,4422
452,6538
452,8918
452,34292
452,47122
452,51314
452,66198
452,73808
453,71211
453,166558
453,166705
453,168252
453,168612
453,171917
453,172547
453,172881
453,173253
453,176805
454,19
454,21
454,137
454,193
454,513
454,670
454,903
454,1251
454,1379
454,1414
455,352
455,830
455,882
455,1089
455,1860
455,1999
455,2002
455,2652
455,2846
455,3046
456,181
456,442
456,2368
456,6290
456,26195
456,26326
456,26471
456,26681
456,26791
456,31086
457,954
457,1186
457,2843
457,5572
457,6899
457,25870
457,26729
457,30812
457,39801
457,44633
458,1799
458,2907
458,4625
458,6789
458,31101
458,50806
458,55080
458,70708
458,76763
458,80162
459,2984
459,4710
459,6882
459,31867
459,51933
459,71518
459,78316
459,80572
459,84601
459,188751
460,1887
460,2965
460,4672
460,6811
460,31150
460,41863
460,50740
460,54997
460,70336
460,75816
461,1440
461,6911
461,7748
461,7757
461,27826
461,80551
461,115216
461,118700
461,188675
461,190207
462,69304
462,158528
462,160438
462,163386
462,164179
462,164909
462,168608
462,170357
462,183227
462,193583
463,1885
463,4683
463,31545
463,55282
463,71302
463,80862
463,84156
463,187541
463,188675
463,189111
464,185
464,430
464,8092
464,26078
464,46850
464,57536
464,73681
464,76143
464,176329
464,176751
465,1798
465,2878
465,4531
465,6687
465,25963
465,39231
465,49272
465,53574
465,69306
465,77667
466,1897
466,2978
466,4688
466,6816
466,31123
466,41724
466,50658
466,54787
466,69849
466,78105
467,3
467,10
467,49
467,89
467,191
467,220
467,229
467,278
467,348
467,353
468,113
468,361
468,418
468,649
468,736
468,880
468,912
468,1123
468,1902
468,2023
469,157699
469,159779
469,162414
469,162982
469,163937
469,168144
469,168712
469,180497
469,188675
469,193609
470,841
470,125970
470,181719
470,182715
470,183011
470,183199
470,183959
470,184053
470,184245
470,184641
471,2977
471,4709
471,6880
471,31702
471,43558
471,51925
471,71484
471,80549
471,84512
471,189043
472,194
472,6860
472,31435
472,60037
472,78142
472,82095
472,87192
472,90888
472,116724
472,162082
473,19
473,141
473,195
473,514
473,671
473,906
473,1259
473,1391
473,1427
473,1769
474,88448
474,88672
474,89586
474,89804
474,90647
474,90746
474,92008
474,92243
474,92264
474,92420
475,1862
475,2944
475,4639
475,6780
475,30803
475,40614
475,49910
475,54190
475,74370
475,77455
476,23
476,549
476,938
476,1601
476,1739
476,2058
476,2671
476,2712
476,2969
476,5710
477,147376
477,149334
477,149406
477,151763
477,158398
477,159510
477,159817
477,161830
477,165635
477,165959
478,909
478,929
478,950
478,1910
478,2860
478,3135
478,3287
478,3577
478,3941
478,4160
479,44
479,77
479,188
479,733
479,1007
479,1030
479,1124
479,1346
479,1350
479,1870
480,135288
480,136445
480,136503
480,137857
480,141422
480,142074
480,142420
480,144478
480,148238
480,148632
481,2024
481,2618
481,2620
481,4373
481,6371
481,7282
481,59615
481,187595
481,188797
481,189381
482,189
482,446
482,529
482,2357
482,2541
482,4823
482,6731
482,7073
482,7440
482,8987
483,140301
483,141400
483,141866
483,141994
483,143859
483,144210
483,144522
483,147286
483,149334
483,150401
484,168366
484,171695
484,171751
484,173317
484,173535
484,173941
484,176579
484,180497
484,182639
484,184053
485,347
485,436
485,1866
485,4681
485,4914
485,8235
485,8385
485,26084
485,30894
485,48877
486,415
486,471
486,2549
486,2908
486,3432
486,4713
486,5181
486,5909
486,6273
486,6807
487,553
487,2126
487,2746
487,2790
487,2986
487,3040
487,3732
487,5026
487,5953
487,6310
488,1805
488,4587
488,53894
488,77798
488,78499
488,179211
488,179709
488,182293
488,183227
488,191005
489,143969
489,146662
489,149350
489,157110
489,157340
489,161290
489,163639
489,170705
489,172887
489,173255
490,193
490,606
490,1189
490,1380
490,1395
490,1597
490,1757
490,1792
490,1983
490,1999
491,2970
491,4687
491,6857
491,31522
491,51314
491,71131
491,77667
491,83177
491,183227
491,184245
492,555
492,2731
492,6195
492,7844
492,8456
492,26340
492,26631
492,26732
492,45447
492,48322
493,18
493,140
493,510
493,1361
493,1395
493,1859
493,2926
493,3810
493,4623
493,4929
494,634
494,1187
494,1235
494,1244
494,1689
494,3384
494,3623
494,4017
494,4065
494,4300
495,25805
495,73822
495,168712
495,170289
495,171917
495,173941
495,175197
495,182715
495,182793
495,183959
496,1769
496,2796
496,5106
496,6867
496,6936
496,7026
496,26693
496,52042
496,70492
496,188189
497,349
497,898
497,1833
497,1870
497,2294
497,2966
497,4672
497,5849
497,5867
497,5929
498,43
498,544
498,715
498,1018
498,1841
498,2037
498,8188
498,45074
498,80858
498,106920
499,457
499,627
499,1060
499,1894
499,2081
499,2598
499,4276
499,4687
499,4917
499,7184
500,521
500,628
500,2894
500,6217
500,7916
500,25746
500,26048
500,26590
500,33237
500,34528
501,112749
501,119155
501,119655
501,127136
501,129659
501,133217
501,139052
501,140133
501,140715
501,141810
502,2817
502,4735
502,4849
502,6836
502,7057
502,8327
502,8713
502,26686
502,27156
502,50806
503,194
503,605
503,1016
503,1183
503,1371
503,1385
503,1588
503,1734
503,1746
503,1772
504,1882
504,2952
504,4641
504,6763
504,27905
504,40617
504,50003
504,54617
504,69951
504,74946
505,195
505,540
505,663
505,2398
505,2594
505,2968
505,6322
505,6862
505,7179
505,8143
506,423
506,961
506,1587
506,1600
506,2282
506,2549
506,2550
506,2659
506,2820
506,3295
507,113416
507,121099
507,121171
507,128512
507,130976
507,134158
507,140247
507,140956
507,141820
507,142448
508,2287
508,2297
508,2500
508,2628
508,2632
508,2634
508,2639
508,2669
508,3307
508,4155
509,157407
509,159069
509,159779
509,162600
509,163386
509,164200
509,164881
509,168266
509,168418
509,169958
510,558
510,179133
510,179491
510,179815
510,182293
510,183295
510,183635
510,187031
510,189547
510,193579
511,1895
511,2974
511,4703
511,6874
511,31804
511,43560
511,51925
511,55620
511,71453
511,78160
512,20
512,1685
512,2737
512,6789
512,6856
512,6975
512,26523
512,26812
512,26865
512,69606
513,1866
513,2952
513,4676
513,6850
513,31545
513,51545
513,55290
513,71304
513,78041
513,80166
514,161024
514,161131
514,163937
514,167296
514,167790
514,168266
514,168608
514,172547
514,172589
514,173209
515,2977
515,4708
515,6885
515,31925
515,43871
515,52241
515,71550
515,78574
515,80727
515,84799
516,552
516,3727
516,5954
516,6314
516,26422
516,26887
516,36527
516,57910
516,69604
516,70336
517,101739
517,106540
517,106642
517,110127
517,112171
517,114246
517,119828
517,121099
517,122490
517,122932
518,2594
518,6860
518,31422
518,34405
518,43376
518,51705
518,71500
518,78209
518,82169
518,90945
519,196
519,456
519,4936
519,26150
519,31101
519,31664
519,49130
519,60141
519,78264
519,91077
520,8981
520,74370
520,173253
520,173355
520,173873
520,175387
520,175781
520,176371
520,178827
520,179953
521,36
521,534
521,563
521,594
521,719
521,965
521,982
521,1641
521,1801
521,1835
522,74683
522,172875
522,173145
522,174737
522,175475
522,179817
522,180297
522,182297
522,183197
522,193579
523,1884
523,2969
523,4687
523,6851
523,31422
523,42556
523,51084
523,55241
523,70984
523,77201
524,8596
524,33966
524,53125
524,71999
524,75803
524,86721
524,95170
524,176805
524,177285
524,179511
525,155168
525,158398
525,158721
525,160569
525,160644
525,160836
525,163645
525,166291
525,167036
525,168252
526,454
526,4678
526,4911
526,7171
526,26038
526,30820
526,38038
526,48649
526,51091
526,61401
527,8978
527,74696
527,174815
527,175303
527,176371
527,177593
527,177939
527,180031
527,182293
527,183295
528,193
528,7156
528,26492
528,59306
528,77177
528,79293
528,182823
528,183295
528,186587
528,189111
529,469
529,803
529,1091
529,1093
529,1329
529,1343
529,1489
529,1549
529,2883
529,3597
530,18
530,141
530,1395
530,1866
530,3844
530,4159
530,4676
530,4980
530,5582
530,6969
531,515
531,2605
531,2966
531,5975
531,8238
531,27416
531,48322
531,56949
531,90943
531,116724
532,193
532,451
532,1423
532,2560
532,4871
532,6803
532,7139
532,25870
532,26413
532,26630
533,2968
533,4689
533,6867
533,31694
533,43419
533,51709
533,71379
533,78105
533,80241
533,84187
534,152083
534,155659
534,157110
534,157172
534,159690
534,159779
534,159976
534,161830
534,164881
534,165551
535,737
535,2490
535,3549
535,4803
535,5015
535,32460
535,51935
535,55492
535,66097
535,69644
536,151
536,320
536,813
536,1140
536,1207
536,1219
536,1569
536,3347
536,3591
536,4036
537,2609
537,7205
537,31617
537,48997
537,71466
537,80219
537,81932
537,86882
537,90647
537,115713
538,541
538,617
538,662
538,1051
538,1888
538,2077
538,2970
538,4268
538,6315
538,7745
539,360
539,537
539,586
539,615
539,661
539,1051
539,1887
539,2077
539,4270
539,6316
540,1887
540,2953
540,4677
540,6835
540,26527
540,31437
540,42718
540,51091
540,55259
540,71160
541,325
541,1227
541,2644
541,3690
541,4516
541,4585
541,4617
541,6331
541,7657
541,7727
542,1858
542,2930
542,4625
542,6753
542,49276
542,53808
542,69406
542,77709
542,178615
542,179511
543,1866
543,2940
543,4643
543,6796
543,31150
543,41997
543,50804
543,55071
543,70599
543,76143
544,16
544,125
544,369
544,449
544,509
544,945
544,1370
544,1401
544,1876
544,2593
545,195
545,1894
545,2115
545,2967
545,4215
545,5418
545,26366
545,43708
545,53435
545,56607
546,304
546,321
546,387
546,722
546,849
546,870
546,1306
546,1307
546,1318
546,1324
547,585
547,678
547,909
547,1445
547,1755
547,1772
547,1893
547,2788
547,3852
547,4813
548,195
548,455
548,4926
548,6872
548,26124
548,31030
548,31590
548,48997
548,60126
548,71484
549,2042
549,5358
549,7380
549,8808
549,52241
549,73858
549,78467
549,86142
549,90376
549,118930
550,2982
550,4713
550,6888
550,32009
550,52299
550,71732
550,78703
550,84942
550,189043
550,189713
551,4658
551,26365
551,75803
551,78626
551,81847
551,177593
551,178827
551,182727
551,187717
551,190183
552,1805
552,2846
552,27266
552,51705
552,74789
552,173209
552,173619
552,176101
552,179813
552,180985
553,189
553,445
553,1429
553,4876
553,6789
553,25782
553,26344
553,27816
553,30820
553,47793
554,1809
554,2878
554,4581
554,6734
554,40597
554,49957
554,54372
554,69860
554,78316
554,180265
555,148675
555,151559
555,156025
555,156706
555,157200
555,160569
555,171749
555,175705
555,180231
555,184349
556,1904
556,6885
556,31921
556,43744
556,51937
556,55768
556,71518
556,81158
556,84523
556,187593
557,451
557,2394
557,2587
557,2961
557,4268
557,4681
557,4912
557,7177
557,8143
557,26078
558,540
558,615
558,656
558,1050
558,1883
558,2071
558,2393
558,4251
558,4888
558,6269
559,5428
559,5458
559,176051
559,176329
559,176413
559,179401
559,179819
559,180031
559,182715
559,182727
560,69516
560,158388
560,158783
560,159849
560,160440
560,163386
560,164179
560,164881
560,165483
560,168608
561,153236
561,157775
561,158027
561,160400
561,160440
561,160569
561,162606
561,163056
561,165947
561,166558
562,171631
562,171759
562,172887
562,173351
562,176935
562,178129
562,179401
562,179953
562,187031
562,188189
563,1858
563,6783
563,30812
563,40614
563,49651
563,53972
563,68959
563,77233
563,79702
563,172585
564,194
564,454
564,2593
564,4916
564,6856
564,7169
564,7716
564,8371
564,26700
564,27329
565,254
565,405
565,628
565,848
565,897
565,1550
565,1977
565,2147
565,2554
565,2786
566,14
566,15
566,118
566,784
566,1185
566,1340
566,1656
566,1670
566,1777
566,1974
567,2025
567,4342
567,7177
567,161918
567,164917
567,168218
567,168418
567,169912
567,173253
567,174403
568,21
568,579
568,903
568,1755
568,1772
568,1892
568,2788
568,3857
568,4759
568,4874
569,351
569,527
569,635
569,6323
569,26176
569,26471
569,26940
569,31698
569,38886
569,46559
570,173145
570,173209
570,175401
570,175569
570,175705
570,175781
570,177939
570,178061
570,179709
570,179815
571,1127
571,1354
571,1392
571,1608
571,1978
571,2348
571,4769
571,5417
571,58332
571,62344
572,2802
572,4471
572,6609
572,27595
572,36708
572,48319
572,68237
572,73042
572,74948
572,79695
573,167296
573,168492
573,170401
573,170597
573,172577
573,172587
573,172793
573,175197
573,175387
573,179053
574,347
574,1866
574,4914
574,8235
574,26084
574,34437
574,38388
574,51573
574,60072
574,62293
575,172
575,283
575,541
575,586
575,733
575,993
575,1367
575,1373
575,1672
575,2302
576,312
576,618
576,1388
576,1401
576,1603
576,1726
576,1772
576,1805
576,2008
576,2081
577,1631
577,1693
577,2611
577,6582
577,6639
577,6643
577,6773
577,7292
577,25757
577,26242
578,257
578,965
578,1193
578,2002
578,2731
578,2983
578,3434
578,5409
578,5640
578,6946
579,1844
579,2905
579,4608
579,6770
579,30846
579,50514
579,54908
579,70361
579,76054
579,79684
580,4321
580,6288
580,30707
580,39292
580,59118
580,65126
580,67799
580,159403
580,159690
580,160573
581,2976
581,4700
581,6860
581,31617
581,42943
581,51573
581,71302
581,78039
581,80139
581,83976
582,2979
582,4710
582,6885
582,31923
582,43869
582,51937
582,71468
582,78142
582,80363
582,84187
583,46
583,761
583,1010
583,1047
583,1881
583,2057
583,2102
583,34542
583,44972
583,55267
584,1752
584,2881
584,4591
584,6752
584,30749
584,40732
584,50147
584,54734
584,70159
584,75395
585,449
585,1437
585,2388
585,2949
585,4242
585,4654
585,4883
585,8035
585,25898
585,25999
586,1829
586,2915
586,4615
586,6752
586,27899
586,40414
586,49651
586,53996
586,69251
586,77177
587,1746
587,2808
587,4454
587,6588
587,48032
587,52435
587,67799
587,74727
587,175197
587,175387
588,28
588,58
588,137
588,187
588,298
588,419
588,549
588,649
588,656
588,907
589,433
589,2560
589,4885
589,7155
589,8362
589,25946
589,27317
589,30707
589,48520
589,71211
590,141816
590,141844
590,143001
590,147657
590,149146
590,149380
590,152091
590,157865
590,158388
590,158842
591,1214
591,3691
591,7263
591,8832
591,25805
591,37211
591,50802
591,50923
591,61729
591,71468
592,38
592,612
592,1569
592,1729
592,2632
592,3633
592,5666
592,26464
592,27772
592,57772
593,21
593,1687
593,2726
593,4736
593,6720
593,6783
593,6911
593,7069
593,26231
593,26612
594,1717
594,4471
594,26840
594,50685
594,65133
594,73676
594,77233
594,171701
594,173209
594,175585
595,456
595,540
595,618
595,665
595,1055
595,1888
595,2075
595,4273
595,4687
595,4917
596,71464
596,160571
596,160718
596,162344
596,162982
596,166528
596,167036
596,167746
596,168250
596,171891
597,67508
597,158966
597,160573
597,163653
597,164226
597,164917
597,168456
597,170297
597,181719
597,189381
598,196
598,458
598,4947
598,31162
598,31698
598,60363
598,78620
598,91273
598,189333
598,191005
599,44665
599,48520
599,50792
599,51931
599,53464
599,56003
599,56389
599,56941
599,57669
599,58842
600,140523
600,140561
600,142074
600,142222
600,142424
600,144210
600,148667
600,148978
600,149011
600,149334
601,2948
601,4662
601,6809
601,31223
601,42013
601,50842
601,70599
601,78893
601,82053
601,179819
602,444
602,445
602,835
602,1112
602,1680
602,1936
602,2982
602,7060
602,27246
602,48043
603,130482
603,131826
603,133879
603,134170
603,134393
603,136469
603,144262
603,148675
603,151777
603,156553
604,5
604,388
604,452
604,567
604,649
604,841
604,1253
604,1352
604,1356
604,1390
605,171811
605,173197
605,174403
605,174681
605,177285
605,177763
605,178129
605,182293
605,182727
605,188751
606,118924
606,121129
606,124853
606,126142
606,127052
606,129313
606,136958
606,141688
606,143458
606,147286
607,19
607,1940
607,3943
607,5015
607,7076
607,7620
607,8238
607,26084
607,31685
607,69712
608,135536
608,136449
608,136540
608,137857
608,140956
608,141846
608,142056
608,143896
608,147384
608,147936
609,199
609,363
609,384
609,2361
609,2851
609,2875
609,2989
609,3029
609,3751
609,4267
610,111817
610,113275
610,115122
610,115617
610,116138
610,118888
610,131480
610,135567
610,138186
610,140627